{"pelvis": {"diffuse": [0.010022825561463833, 0.010022825561463833, 0.010022825561463833], "metallic": 0.0, "roughness": 0.5, "material_type": "generic"}, "left_hip_yaw_link": {"diffuse": [0.010022825561463833, 0.010022825561463833, 0.010022825561463833], "metallic": 0.0, "roughness": 0.5, "material_type": "generic"}, "left_hip_roll_link": {"diffuse": [0.010022825561463833, 0.010022825561463833, 0.010022825561463833], "metallic": 0.0, "roughness": 0.5, "material_type": "generic"}, "left_hip_pitch_link": {"diffuse": [0.010022825561463833, 0.010022825561463833, 0.010022825561463833], "metallic": 0.0, "roughness": 0.5, "material_type": "generic"}, "left_knee_link": {"diffuse": [0.010022825561463833, 0.010022825561463833, 0.010022825561463833], "metallic": 0.0, "roughness": 0.5, "material_type": "generic"}, "left_ankle_link": {"diffuse": [0.010022825561463833, 0.010022825561463833, 0.010022825561463833], "metallic": 0.0, "roughness": 0.5, "material_type": "generic"}, "right_hip_yaw_link": {"diffuse": [0.010022825561463833, 0.010022825561463833, 0.010022825561463833], "metallic": 0.0, "roughness": 0.5, "material_type": "generic"}, "right_hip_roll_link": {"diffuse": [0.010022825561463833, 0.010022825561463833, 0.010022825561463833], "metallic": 0.0, "roughness": 0.5, "material_type": "generic"}, "right_hip_pitch_link": {"diffuse": [0.010022825561463833, 0.010022825561463833, 0.010022825561463833], "metallic": 0.0, "roughness": 0.5, "material_type": "generic"}, "right_knee_link": {"diffuse": [0.010022825561463833, 0.010022825561463833, 0.010022825561463833], "metallic": 0.0, "roughness": 0.5, "material_type": "generic"}, "right_ankle_link": {"diffuse": [0.010022825561463833, 0.010022825561463833, 0.010022825561463833], "metallic": 0.0, "roughness": 0.5, "material_type": "generic"}, "torso_link": {"diffuse": [0.010022825561463833, 0.010022825561463833, 0.010022825561463833], "metallic": 0.0, "roughness": 0.5, "material_type": "generic"}, "logo_link": {"diffuse": [1.0, 1.0, 1.0], "metallic": 0.0, "roughness": 0.5, "material_type": "generic"}, "left_shoulder_pitch_link": {"diffuse": [0.010022825561463833, 0.010022825561463833, 0.010022825561463833], "metallic": 0.0, "roughness": 0.5, "material_type": "generic"}, "left_shoulder_roll_link": {"diffuse": [0.010022825561463833, 0.010022825561463833, 0.010022825561463833], "metallic": 0.0, "roughness": 0.5, "material_type": "generic"}, "left_shoulder_yaw_link": {"diffuse": [0.010022825561463833, 0.010022825561463833, 0.010022825561463833], "metallic": 0.0, "roughness": 0.5, "material_type": "generic"}, "left_elbow_link": {"diffuse": [0.010022825561463833, 0.010022825561463833, 0.010022825561463833], "metallic": 0.0, "roughness": 0.5, "material_type": "generic"}, "right_shoulder_pitch_link": {"diffuse": [0.010022825561463833, 0.010022825561463833, 0.010022825561463833], "metallic": 0.0, "roughness": 0.5, "material_type": "generic"}, "right_shoulder_roll_link": {"diffuse": [0.010022825561463833, 0.010022825561463833, 0.010022825561463833], "metallic": 0.0, "roughness": 0.5, "material_type": "generic"}, "right_shoulder_yaw_link": {"diffuse": [0.010022825561463833, 0.010022825561463833, 0.010022825561463833], "metallic": 0.0, "roughness": 0.5, "material_type": "generic"}, "right_elbow_link": {"diffuse": [0.010022825561463833, 0.010022825561463833, 0.010022825561463833], "metallic": 0.0, "roughness": 0.5, "material_type": "generic"}}