{"body_0": {"diffuse": [0.010022825561463833, 0.010022825561463833, 0.010022825561463833], "metallic": 0.0, "roughness": 0.5, "material_type": "generic"}, "body_1": {"diffuse": [0.7454035878181458, 0.4019768536090851, 0.04231104999780655], "metallic": 0.0, "roughness": 0.5, "material_type": "generic"}, "front_left_hip": {"diffuse": [0.010022825561463833, 0.010022825561463833, 0.010022825561463833], "metallic": 0.0, "roughness": 0.5, "material_type": "generic"}, "front_left_upper_leg_0": {"diffuse": [0.7454035878181458, 0.4019768536090851, 0.04231104999780655], "metallic": 0.0, "roughness": 0.5, "material_type": "generic"}, "front_left_upper_leg_1": {"diffuse": [0.010022825561463833, 0.010022825561463833, 0.010022825561463833], "metallic": 0.0, "roughness": 0.5, "material_type": "generic"}, "front_left_lower_leg": {"diffuse": [0.010022825561463833, 0.010022825561463833, 0.010022825561463833], "metallic": 0.0, "roughness": 0.5, "material_type": "generic"}, "front_right_hip": {"diffuse": [0.010022825561463833, 0.010022825561463833, 0.010022825561463833], "metallic": 0.0, "roughness": 0.5, "material_type": "generic"}, "front_right_upper_leg_0": {"diffuse": [0.7454035878181458, 0.4019768536090851, 0.04231104999780655], "metallic": 0.0, "roughness": 0.5, "material_type": "generic"}, "front_right_upper_leg_1": {"diffuse": [0.010022825561463833, 0.010022825561463833, 0.010022825561463833], "metallic": 0.0, "roughness": 0.5, "material_type": "generic"}, "front_right_lower_leg": {"diffuse": [0.010022825561463833, 0.010022825561463833, 0.010022825561463833], "metallic": 0.0, "roughness": 0.5, "material_type": "generic"}, "rear_left_hip": {"diffuse": [0.010022825561463833, 0.010022825561463833, 0.010022825561463833], "metallic": 0.0, "roughness": 0.5, "material_type": "generic"}, "rear_left_upper_leg_0": {"diffuse": [0.7454035878181458, 0.4019768536090851, 0.04231104999780655], "metallic": 0.0, "roughness": 0.5, "material_type": "generic"}, "rear_left_upper_leg_1": {"diffuse": [0.010022825561463833, 0.010022825561463833, 0.010022825561463833], "metallic": 0.0, "roughness": 0.5, "material_type": "generic"}, "rear_left_lower_leg": {"diffuse": [0.010022825561463833, 0.010022825561463833, 0.010022825561463833], "metallic": 0.0, "roughness": 0.5, "material_type": "generic"}, "rear_right_hip": {"diffuse": [0.010022825561463833, 0.010022825561463833, 0.010022825561463833], "metallic": 0.0, "roughness": 0.5, "material_type": "generic"}, "rear_right_upper_leg_0": {"diffuse": [0.7454035878181458, 0.4019768536090851, 0.04231104999780655], "metallic": 0.0, "roughness": 0.5, "material_type": "generic"}, "rear_right_upper_leg_1": {"diffuse": [0.010022825561463833, 0.010022825561463833, 0.010022825561463833], "metallic": 0.0, "roughness": 0.5, "material_type": "generic"}}