{"RotorBase": {"diffuse": [0.6499999761581421, 0.6700000166893005, 0.699999988079071], "metallic": 0.0, "roughness": 0.4000000059604645, "material_type": "steel"}, "ArmPivot": {"diffuse": [0.800000011920929, 0.8299999833106995, 0.8700000047683716], "metallic": 0.0, "roughness": 0.3499999940395355, "material_type": "aluminum"}, "SwingFixture": {"diffuse": [0.550000011920929, 0.5299999713897705, 0.5], "metallic": 0.0, "roughness": 0.8999999761581421, "material_type": "concrete"}, "SwingArm": {"diffuse": [0.800000011920929, 0.8299999833106995, 0.8700000047683716], "metallic": 0.0, "roughness": 0.3499999940395355, "material_type": "aluminum"}, "HalfBase": {"diffuse": [0.6499999761581421, 0.6700000166893005, 0.699999988079071], "metallic": 0.0, "roughness": 0.4000000059604645, "material_type": "steel"}, "HalfArm": {"diffuse": [0.800000011920929, 0.8299999833106995, 0.8700000047683716], "metallic": 0.0, "roughness": 0.3499999940395355, "material_type": "aluminum"}}