{"trunk": {"diffuse": [0.03310476243495941, 0.03310476243495941, 0.03310476243495941], "metallic": 0.0, "roughness": 0.5, "material_type": "generic"}, "hip": {"diffuse": [0.03310476243495941, 0.03310476243495941, 0.03310476243495941], "metallic": 0.0, "roughness": 0.5, "material_type": "generic"}, "thigh_mirror": {"diffuse": [0.03310476243495941, 0.03310476243495941, 0.03310476243495941], "metallic": 0.0, "roughness": 0.5, "material_type": "generic"}, "calf": {"diffuse": [0.03310476243495941, 0.03310476243495941, 0.03310476243495941], "metallic": 0.0, "roughness": 0.5, "material_type": "generic"}, "thigh": {"diffuse": [0.03310476243495941, 0.03310476243495941, 0.03310476243495941], "metallic": 0.0, "roughness": 0.5, "material_type": "generic"}}