{"pelvis": {"diffuse": [0.03310476243495941, 0.03310476243495941, 0.03310476243495941], "metallic": 0.0, "roughness": 0.5, "material_type": "generic"}, "pelvis_contour_link": {"diffuse": [0.4479884207248688, 0.4479884207248688, 0.4479884207248688], "metallic": 0.0, "roughness": 0.5, "material_type": "generic"}, "left_hip_pitch_link": {"diffuse": [0.03310476243495941, 0.03310476243495941, 0.03310476243495941], "metallic": 0.0, "roughness": 0.5, "material_type": "generic"}, "left_hip_pitch_link_1": {"diffuse": [0.03310476243495941, 0.03310476243495941, 0.03310476243495941], "metallic": 0.0, "roughness": 0.5, "material_type": "generic"}, "left_hip_roll_link": {"diffuse": [0.4479884207248688, 0.4479884207248688, 0.4479884207248688], "metallic": 0.0, "roughness": 0.5, "material_type": "generic"}, "left_hip_yaw_link": {"diffuse": [0.4479884207248688, 0.4479884207248688, 0.4479884207248688], "metallic": 0.0, "roughness": 0.5, "material_type": "generic"}, "left_knee_link": {"diffuse": [0.4479884207248688, 0.4479884207248688, 0.4479884207248688], "metallic": 0.0, "roughness": 0.5, "material_type": "generic"}, "left_ankle_pitch_link": {"diffuse": [0.4479884207248688, 0.4479884207248688, 0.4479884207248688], "metallic": 0.0, "roughness": 0.5, "material_type": "generic"}, "left_ankle_roll_link": {"diffuse": [0.03310476243495941, 0.03310476243495941, 0.03310476243495941], "metallic": 0.0, "roughness": 0.5, "material_type": "generic"}, "right_hip_pitch_link": {"diffuse": [0.03310476243495941, 0.03310476243495941, 0.03310476243495941], "metallic": 0.0, "roughness": 0.5, "material_type": "generic"}, "right_hip_pitch_link_1": {"diffuse": [0.03310476243495941, 0.03310476243495941, 0.03310476243495941], "metallic": 0.0, "roughness": 0.5, "material_type": "generic"}, "right_hip_roll_link": {"diffuse": [0.4479884207248688, 0.4479884207248688, 0.4479884207248688], "metallic": 0.0, "roughness": 0.5, "material_type": "generic"}, "right_hip_yaw_link": {"diffuse": [0.4479884207248688, 0.4479884207248688, 0.4479884207248688], "metallic": 0.0, "roughness": 0.5, "material_type": "generic"}, "right_knee_link": {"diffuse": [0.4479884207248688, 0.4479884207248688, 0.4479884207248688], "metallic": 0.0, "roughness": 0.5, "material_type": "generic"}, "right_ankle_pitch_link": {"diffuse": [0.4479884207248688, 0.4479884207248688, 0.4479884207248688], "metallic": 0.0, "roughness": 0.5, "material_type": "generic"}, "right_ankle_roll_link": {"diffuse": [0.03310476243495941, 0.03310476243495941, 0.03310476243495941], "metallic": 0.0, "roughness": 0.5, "material_type": "generic"}, "waist_yaw_link": {"diffuse": [0.4479884207248688, 0.4479884207248688, 0.4479884207248688], "metallic": 0.0, "roughness": 0.5, "material_type": "generic"}, "waist_roll_link": {"diffuse": [0.4479884207248688, 0.4479884207248688, 0.4479884207248688], "metallic": 0.0, "roughness": 0.5, "material_type": "generic"}, "torso_link": {"diffuse": [0.4479884207248688, 0.4479884207248688, 0.4479884207248688], "metallic": 0.0, "roughness": 0.5, "material_type": "generic"}, "logo_link": {"diffuse": [0.03310476243495941, 0.03310476243495941, 0.03310476243495941], "metallic": 0.0, "roughness": 0.5, "material_type": "generic"}, "logo_link_1": {"diffuse": [0.03310476243495941, 0.03310476243495941, 0.03310476243495941], "metallic": 0.0, "roughness": 0.5, "material_type": "generic"}, "head_link": {"diffuse": [0.03310476243495941, 0.03310476243495941, 0.03310476243495941], "metallic": 0.0, "roughness": 0.5, "material_type": "generic"}, "head_link_1": {"diffuse": [0.03310476243495941, 0.03310476243495941, 0.03310476243495941], "metallic": 0.0, "roughness": 0.5, "material_type": "generic"}, "left_shoulder_pitch_link": {"diffuse": [0.4479884207248688, 0.4479884207248688, 0.4479884207248688], "metallic": 0.0, "roughness": 0.5, "material_type": "generic"}, "left_shoulder_roll_link": {"diffuse": [0.4479884207248688, 0.4479884207248688, 0.4479884207248688], "metallic": 0.0, "roughness": 0.5, "material_type": "generic"}, "left_shoulder_yaw_link": {"diffuse": [0.4479884207248688, 0.4479884207248688, 0.4479884207248688], "metallic": 0.0, "roughness": 0.5, "material_type": "generic"}, "left_elbow_link": {"diffuse": [0.4479884207248688, 0.4479884207248688, 0.4479884207248688], "metallic": 0.0, "roughness": 0.5, "material_type": "generic"}, "left_wrist_roll_link": {"diffuse": [0.4479884207248688, 0.4479884207248688, 0.4479884207248688], "metallic": 0.0, "roughness": 0.5, "material_type": "generic"}, "left_wrist_pitch_link": {"diffuse": [0.4479884207248688, 0.4479884207248688, 0.4479884207248688], "metallic": 0.0, "roughness": 0.5, "material_type": "generic"}, "left_wrist_yaw_link": {"diffuse": [0.4479884207248688, 0.4479884207248688, 0.4479884207248688], "metallic": 0.0, "roughness": 0.5, "material_type": "generic"}, "left_rubber_hand": {"diffuse": [0.4479884207248688, 0.4479884207248688, 0.4479884207248688], "metallic": 0.0, "roughness": 0.5, "material_type": "generic"}, "right_shoulder_pitch_link": {"diffuse": [0.4479884207248688, 0.4479884207248688, 0.4479884207248688], "metallic": 0.0, "roughness": 0.5, "material_type": "generic"}, "right_shoulder_roll_link": {"diffuse": [0.4479884207248688, 0.4479884207248688, 0.4479884207248688], "metallic": 0.0, "roughness": 0.5, "material_type": "generic"}, "right_shoulder_yaw_link": {"diffuse": [0.4479884207248688, 0.4479884207248688, 0.4479884207248688], "metallic": 0.0, "roughness": 0.5, "material_type": "generic"}, "right_elbow_link": {"diffuse": [0.4479884207248688, 0.4479884207248688, 0.4479884207248688], "metallic": 0.0, "roughness": 0.5, "material_type": "generic"}, "right_wrist_roll_link": {"diffuse": [0.4479884207248688, 0.4479884207248688, 0.4479884207248688], "metallic": 0.0, "roughness": 0.5, "material_type": "generic"}, "right_wrist_pitch_link": {"diffuse": [0.4479884207248688, 0.4479884207248688, 0.4479884207248688], "metallic": 0.0, "roughness": 0.5, "material_type": "generic"}, "right_wrist_yaw_link": {"diffuse": [0.4479884207248688, 0.4479884207248688, 0.4479884207248688], "metallic": 0.0, "roughness": 0.5, "material_type": "generic"}, "right_rubber_hand": {"diffuse": [0.4479884207248688, 0.4479884207248688, 0.4479884207248688], "metallic": 0.0, "roughness": 0.5, "material_type": "generic"}}