{"base_0": {"diffuse": [0.002554179634898901, 0.002554179634898901, 0.002554179634898901], "metallic": 0.0, "roughness": 0.75, "material_type": "generic"}, "base_1": {"diffuse": [0.06281454861164093, 0.06281454861164093, 0.06281454861164093], "metallic": 0.0, "roughness": 0.75, "material_type": "generic"}, "shoulder_0": {"diffuse": [0.2049018144607544, 0.4172954261302948, 0.6038274168968201], "metallic": 0.0, "roughness": 0.75, "material_type": "generic"}, "shoulder_1": {"diffuse": [0.002554179634898901, 0.002554179634898901, 0.002554179634898901], "metallic": 0.0, "roughness": 0.75, "material_type": "generic"}, "shoulder_2": {"diffuse": [0.06281454861164093, 0.06281454861164093, 0.06281454861164093], "metallic": 0.0, "roughness": 0.75, "material_type": "generic"}, "upperarm_0": {"diffuse": [0.002554179634898901, 0.002554179634898901, 0.002554179634898901], "metallic": 0.0, "roughness": 0.75, "material_type": "generic"}, "upperarm_1": {"diffuse": [0.06281454861164093, 0.06281454861164093, 0.06281454861164093], "metallic": 0.0, "roughness": 0.75, "material_type": "generic"}, "upperarm_2": {"diffuse": [0.2049018144607544, 0.4172954261302948, 0.6038274168968201], "metallic": 0.0, "roughness": 0.75, "material_type": "generic"}, "upperarm_3": {"diffuse": [0.6382832527160645, 0.6382832527160645, 0.6382832527160645], "metallic": 0.0, "roughness": 0.75, "material_type": "generic"}, "forearm_0": {"diffuse": [0.2049018144607544, 0.4172954261302948, 0.6038274168968201], "metallic": 0.0, "roughness": 0.75, "material_type": "generic"}, "forearm_1": {"diffuse": [0.002554179634898901, 0.002554179634898901, 0.002554179634898901], "metallic": 0.0, "roughness": 0.75, "material_type": "generic"}, "forearm_2": {"diffuse": [0.06281454861164093, 0.06281454861164093, 0.06281454861164093], "metallic": 0.0, "roughness": 0.75, "material_type": "generic"}, "forearm_3": {"diffuse": [0.6382832527160645, 0.6382832527160645, 0.6382832527160645], "metallic": 0.0, "roughness": 0.75, "material_type": "generic"}, "wrist1_0": {"diffuse": [0.002554179634898901, 0.002554179634898901, 0.002554179634898901], "metallic": 0.0, "roughness": 0.75, "material_type": "generic"}, "wrist1_1": {"diffuse": [0.2049018144607544, 0.4172954261302948, 0.6038274168968201], "metallic": 0.0, "roughness": 0.75, "material_type": "generic"}, "wrist1_2": {"diffuse": [0.06281454861164093, 0.06281454861164093, 0.06281454861164093], "metallic": 0.0, "roughness": 0.75, "material_type": "generic"}, "wrist2_0": {"diffuse": [0.002554179634898901, 0.002554179634898901, 0.002554179634898901], "metallic": 0.0, "roughness": 0.75, "material_type": "generic"}, "wrist2_1": {"diffuse": [0.2049018144607544, 0.4172954261302948, 0.6038274168968201], "metallic": 0.0, "roughness": 0.75, "material_type": "generic"}, "wrist2_2": {"diffuse": [0.06281454861164093, 0.06281454861164093, 0.06281454861164093], "metallic": 0.0, "roughness": 0.75, "material_type": "generic"}, "wrist3": {"diffuse": [0.6382832527160645, 0.6382832527160645, 0.6382832527160645], "metallic": 0.0, "roughness": 0.75, "material_type": "generic"}}