{"link0_0": {"diffuse": [0.03310476243495941, 0.03310476243495941, 0.03310476243495941], "metallic": 0.0, "roughness": 0.5, "material_type": "generic"}, "link0_1": {"diffuse": [1.0, 1.0, 1.0], "metallic": 0.0, "roughness": 0.5, "material_type": "generic"}, "link0_2": {"diffuse": [1.0, 1.0, 1.0], "metallic": 0.0, "roughness": 0.5, "material_type": "generic"}, "link0_3": {"diffuse": [1.0, 1.0, 1.0], "metallic": 0.0, "roughness": 0.5, "material_type": "generic"}, "link0_4": {"diffuse": [1.0, 1.0, 1.0], "metallic": 0.0, "roughness": 0.5, "material_type": "generic"}, "link0_5": {"diffuse": [1.0, 0.006245296448469162, 0.003060836112126708], "metallic": 0.0, "roughness": 0.5, "material_type": "generic"}, "link0_6": {"diffuse": [0.03310476243495941, 0.03310476243495941, 0.03310476243495941], "metallic": 0.0, "roughness": 0.5, "material_type": "generic"}, "link1": {"diffuse": [1.0, 1.0, 1.0], "metallic": 0.0, "roughness": 0.5, "material_type": "generic"}, "link2": {"diffuse": [1.0, 1.0, 1.0], "metallic": 0.0, "roughness": 0.5, "material_type": "generic"}, "link3_0": {"diffuse": [1.0, 1.0, 1.0], "metallic": 0.0, "roughness": 0.5, "material_type": "generic"}, "link3_1": {"diffuse": [0.03310476243495941, 0.03310476243495941, 0.03310476243495941], "metallic": 0.0, "roughness": 0.5, "material_type": "generic"}, "link4_0": {"diffuse": [1.0, 1.0, 1.0], "metallic": 0.0, "roughness": 0.5, "material_type": "generic"}, "link4_1": {"diffuse": [0.03310476243495941, 0.03310476243495941, 0.03310476243495941], "metallic": 0.0, "roughness": 0.5, "material_type": "generic"}, "link5_0": {"diffuse": [1.0, 1.0, 1.0], "metallic": 0.0, "roughness": 0.5, "material_type": "generic"}, "link5_1": {"diffuse": [1.0, 1.0, 1.0], "metallic": 0.0, "roughness": 0.5, "material_type": "generic"}, "link5_2": {"diffuse": [0.03310476243495941, 0.03310476243495941, 0.03310476243495941], "metallic": 0.0, "roughness": 0.5, "material_type": "generic"}, "link6_0": {"diffuse": [0.01037413626909256, 0.28587794303894043, 0.010374295525252819], "metallic": 0.0, "roughness": 0.5, "material_type": "generic"}, "link6_1": {"diffuse": [1.0, 1.0, 1.0], "metallic": 0.0, "roughness": 0.5, "material_type": "generic"}, "link6_2": {"diffuse": [1.0, 1.0, 1.0], "metallic": 0.0, "roughness": 0.5, "material_type": "generic"}, "link6_3": {"diffuse": [0.7164629101753235, 0.7164629101753235, 0.716464638710022], "metallic": 0.0, "roughness": 0.5, "material_type": "generic"}, "link6_4": {"diffuse": [0.2339918613433838, 0.0006209752755239606, 0.001060526235960424], "metallic": 0.0, "roughness": 0.5, "material_type": "generic"}, "link6_5": {"diffuse": [1.0, 1.0, 1.0], "metallic": 0.0, "roughness": 0.5, "material_type": "generic"}, "link6_6": {"diffuse": [0.03310476243495941, 0.03310476243495941, 0.03310476243495941], "metallic": 0.0, "roughness": 0.5, "material_type": "generic"}, "link6_7": {"diffuse": [0.0018697369378060102, 0.16677887737751007, 0.5038865804672241], "metallic": 0.0, "roughness": 0.5, "material_type": "generic"}, "link7_0": {"diffuse": [0.03310476243495941, 0.03310476243495941, 0.03310476243495941], "metallic": 0.0, "roughness": 0.5, "material_type": "generic"}, "link7_1": {"diffuse": [1.0, 1.0, 1.0], "metallic": 0.0, "roughness": 0.5, "material_type": "generic"}, "link7_2": {"diffuse": [1.0, 1.0, 1.0], "metallic": 0.0, "roughness": 0.5, "material_type": "generic"}, "link7_3": {"diffuse": [0.03310476243495941, 0.03310476243495941, 0.03310476243495941], "metallic": 0.0, "roughness": 0.5, "material_type": "generic"}}