{"base_0": {"diffuse": [0.03310476243495941, 0.03310476243495941, 0.03310476243495941], "metallic": 0.0, "roughness": 0.75, "material_type": "generic"}, "base_1": {"diffuse": [0.21404114365577698, 0.010022825561463833, 0.010022825561463833], "metallic": 0.0, "roughness": 0.75, "material_type": "generic"}, "l0_0": {"diffuse": [0.051269300282001495, 0.051269300282001495, 0.051269300282001495], "metallic": 0.0, "roughness": 0.75, "material_type": "generic"}, "l0_1": {"diffuse": [0.5906191468238831, 0.6375971436500549, 0.8468738198280334], "metallic": 0.0, "roughness": 0.75, "material_type": "generic"}, "l0_2": {"diffuse": [0.21404114365577698, 0.010022825561463833, 0.010022825561463833], "metallic": 0.0, "roughness": 0.75, "material_type": "generic"}, "l0_3": {"diffuse": [1.0, 0.13563363254070282, 0.013702151365578175], "metallic": 0.0, "roughness": 0.75, "material_type": "generic"}, "l0_4": {"diffuse": [0.024157516658306122, 0.02028851956129074, 0.01764185167849064], "metallic": 0.0, "roughness": 0.75, "material_type": "generic"}, "l0_5": {"diffuse": [1.0, 1.0, 1.0], "metallic": 0.0, "roughness": 0.75, "material_type": "generic"}, "l0_6": {"diffuse": [0.03310476243495941, 0.03310476243495941, 0.03310476243495941], "metallic": 0.0, "roughness": 0.75, "material_type": "generic"}, "head_0": {"diffuse": [0.03310476243495941, 0.03310476243495941, 0.03310476243495941], "metallic": 0.0, "roughness": 0.75, "material_type": "generic"}, "head_2": {"diffuse": [0.5906191468238831, 0.6375971436500549, 0.8468738198280334], "metallic": 0.0, "roughness": 0.75, "material_type": "generic"}, "head_3": {"diffuse": [0.051269300282001495, 0.051269300282001495, 0.051269300282001495], "metallic": 0.0, "roughness": 0.75, "material_type": "generic"}, "head_5": {"diffuse": [0.03310476243495941, 0.03310476243495941, 0.03310476243495941], "metallic": 0.0, "roughness": 0.75, "material_type": "generic"}, "head_6": {"diffuse": [1.0, 1.0, 1.0], "metallic": 0.0, "roughness": 0.75, "material_type": "generic"}, "head_7": {"diffuse": [0.0, 0.0, 0.0], "metallic": 0.0, "roughness": 0.75, "material_type": "generic"}, "head_8": {"diffuse": [0.21404114365577698, 0.010022825561463833, 0.010022825561463833], "metallic": 0.0, "roughness": 0.75, "material_type": "generic"}, "head_9": {"diffuse": [0.7304604053497314, 0.07818746566772461, 0.008023258298635483], "metallic": 0.0, "roughness": 0.75, "material_type": "generic"}, "l1_0": {"diffuse": [0.03310476243495941, 0.03310476243495941, 0.03310476243495941], "metallic": 0.0, "roughness": 0.75, "material_type": "generic"}, "l1_1": {"diffuse": [0.21404114365577698, 0.010022825561463833, 0.010022825561463833], "metallic": 0.0, "roughness": 0.75, "material_type": "generic"}, "l1_2": {"diffuse": [1.0, 1.0, 1.0], "metallic": 0.0, "roughness": 0.75, "material_type": "generic"}, "l2_0": {"diffuse": [0.5906191468238831, 0.6375971436500549, 0.8468738198280334], "metallic": 0.0, "roughness": 0.75, "material_type": "generic"}, "l2_1": {"diffuse": [0.010960035026073456, 0.010960035026073456, 0.010960035026073456], "metallic": 0.0, "roughness": 0.75, "material_type": "generic"}, "l2_2": {"diffuse": [1.0, 1.0, 1.0], "metallic": 0.0, "roughness": 0.75, "material_type": "generic"}, "l2_3": {"diffuse": [0.03310476243495941, 0.03310476243495941, 0.03310476243495941], "metallic": 0.0, "roughness": 0.75, "material_type": "generic"}, "l2_4": {"diffuse": [0.21404114365577698, 0.010022825561463833, 0.010022825561463833], "metallic": 0.0, "roughness": 0.75, "material_type": "generic"}, "l3_0": {"diffuse": [0.5906191468238831, 0.6375971436500549, 0.8468738198280334], "metallic": 0.0, "roughness": 0.75, "material_type": "generic"}, "l3_1": {"diffuse": [0.21404114365577698, 0.010022825561463833, 0.010022825561463833], "metallic": 0.0, "roughness": 0.75, "material_type": "generic"}, "l3_2": {"diffuse": [1.0, 1.0, 1.0], "metallic": 0.0, "roughness": 0.75, "material_type": "generic"}, "l3_3": {"diffuse": [0.03310476243495941, 0.03310476243495941, 0.03310476243495941], "metallic": 0.0, "roughness": 0.75, "material_type": "generic"}, "l4_0": {"diffuse": [0.051269300282001495, 0.051269300282001495, 0.051269300282001495], "metallic": 0.0, "roughness": 0.75, "material_type": "generic"}, "l4_1": {"diffuse": [0.03310476243495941, 0.03310476243495941, 0.03310476243495941], "metallic": 0.0, "roughness": 0.75, "material_type": "generic"}, "l4_2": {"diffuse": [0.5209961533546448, 0.5209961533546448, 0.5209961533546448], "metallic": 0.0, "roughness": 0.75, "material_type": "generic"}, "l4_3": {"diffuse": [1.0, 1.0, 1.0], "metallic": 0.0, "roughness": 0.75, "material_type": "generic"}, "l4_4": {"diffuse": [0.5906191468238831, 0.6375971436500549, 0.8468738198280334], "metallic": 0.0, "roughness": 0.75, "material_type": "generic"}, "l4_5": {"diffuse": [0.0, 0.0, 0.0], "metallic": 0.0, "roughness": 0.75, "material_type": "generic"}, "l4_6": {"diffuse": [0.21404114365577698, 0.010022825561463833, 0.010022825561463833], "metallic": 0.0, "roughness": 0.75, "material_type": "generic"}, "l4_7": {"diffuse": [0.03310476243495941, 0.03310476243495941, 0.03310476243495941], "metallic": 0.0, "roughness": 0.75, "material_type": "generic"}, "l5_0": {"diffuse": [0.21586070954799652, 0.21586070954799652, 0.21586070954799652], "metallic": 0.0, "roughness": 0.75, "material_type": "generic"}, "l5_1": {"diffuse": [0.7230557203292847, 0.7991020679473877, 1.0], "metallic": 0.0, "roughness": 0.75, "material_type": "generic"}, "l5_2": {"diffuse": [1.0, 1.0, 1.0], "metallic": 0.0, "roughness": 0.75, "material_type": "generic"}, "l5_3": {"diffuse": [0.21404114365577698, 0.010022825561463833, 0.010022825561463833], "metallic": 0.0, "roughness": 0.75, "material_type": "generic"}, "l5_4": {"diffuse": [0.03310476243495941, 0.03310476243495941, 0.03310476243495941], "metallic": 0.0, "roughness": 0.75, "material_type": "generic"}, "l6_0": {"diffuse": [1.0, 0.13563363254070282, 0.013702151365578175], "metallic": 0.0, "roughness": 0.75, "material_type": "generic"}, "l6_1": {"diffuse": [1.0, 1.0, 1.0], "metallic": 0.0, "roughness": 0.75, "material_type": "generic"}, "l6_2": {"diffuse": [0.21404114365577698, 0.010022825561463833, 0.010022825561463833], "metallic": 0.0, "roughness": 0.75, "material_type": "generic"}, "l6_3": {"diffuse": [0.03310476243495941, 0.03310476243495941, 0.03310476243495941], "metallic": 0.0, "roughness": 0.75, "material_type": "generic"}, "l6_4": {"diffuse": [0.03310476243495941, 0.03310476243495941, 0.03310476243495941], "metallic": 0.0, "roughness": 0.75, "material_type": "generic"}, "l6_5": {"diffuse": [0.03310476243495941, 0.03310476243495941, 0.03310476243495941], "metallic": 0.0, "roughness": 0.75, "material_type": "generic"}}