{"base_0": {"diffuse": [0.004118272569030523, 0.026659276336431503, 0.002554179634898901], "metallic": 0.0, "roughness": 0.75, "material_type": "generic"}, "base_1": {"diffuse": [0.026659276336431503, 0.013228549621999264, 0.00046439628931693733], "metallic": 0.0, "roughness": 0.75, "material_type": "generic"}, "base_2": {"diffuse": [0.026659276336431503, 0.00046439628931693733, 0.0003869968932121992], "metallic": 0.0, "roughness": 0.75, "material_type": "generic"}, "base_3": {"diffuse": [0.0005417956854216754, 0.0005417956854216754, 0.0005417956854216754], "metallic": 0.0, "roughness": 0.75, "material_type": "generic"}, "base_4": {"diffuse": [0.6038274168968201, 0.6038274168968201, 0.6038274168968201], "metallic": 0.0, "roughness": 0.75, "material_type": "generic"}}