{"ShoulderLink": {"diffuse": [0.800000011920929, 0.8299999833106995, 0.8700000047683716], "metallic": 0.0, "roughness": 0.3499999940395355, "material_type": "aluminum"}, "UpperArm": {"diffuse": [0.800000011920929, 0.8299999833106995, 0.8700000047683716], "metallic": 0.0, "roughness": 0.3499999940395355, "material_type": "aluminum"}, "Forearm": {"diffuse": [0.800000011920929, 0.8299999833106995, 0.8700000047683716], "metallic": 0.0, "roughness": 0.3499999940395355, "material_type": "aluminum"}, "WristLink": {"diffuse": [0.800000011920929, 0.8299999833106995, 0.8700000047683716], "metallic": 0.0, "roughness": 0.3499999940395355, "material_type": "aluminum"}, "Hand": {"diffuse": [0.029999999329447746, 0.029999999329447746, 0.029999999329447746], "metallic": 0.0, "roughness": 0.9800000190734863, "material_type": "rubber"}}