{"link_0": {"diffuse": [0.13286833465099335, 0.13286833465099335, 0.13286833465099335], "metallic": 0.0, "roughness": 0.75, "material_type": "generic"}, "link_1": {"diffuse": [0.13286833465099335, 0.13286833465099335, 0.13286833465099335], "metallic": 0.0, "roughness": 0.75, "material_type": "generic"}, "link_2_orange": {"diffuse": [1.0, 0.1499594897031784, 0.003035270841792226], "metallic": 0.0, "roughness": 0.75, "material_type": "generic"}, "link_2_grey": {"diffuse": [0.13286833465099335, 0.13286833465099335, 0.13286833465099335], "metallic": 0.0, "roughness": 0.75, "material_type": "generic"}, "link_3": {"diffuse": [0.13286833465099335, 0.13286833465099335, 0.13286833465099335], "metallic": 0.0, "roughness": 0.75, "material_type": "generic"}, "band": {"diffuse": [0.3185468316078186, 0.3185468316078186, 0.3185468316078186], "metallic": 0.0, "roughness": 0.75, "material_type": "generic"}, "kuka": {"diffuse": [0.0, 0.0, 0.0], "metallic": 0.0, "roughness": 0.75, "material_type": "generic"}, "link_4_orange": {"diffuse": [1.0, 0.1499594897031784, 0.003035270841792226], "metallic": 0.0, "roughness": 0.75, "material_type": "generic"}, "link_4_grey": {"diffuse": [0.13286833465099335, 0.13286833465099335, 0.13286833465099335], "metallic": 0.0, "roughness": 0.75, "material_type": "generic"}, "link_5": {"diffuse": [0.13286833465099335, 0.13286833465099335, 0.13286833465099335], "metallic": 0.0, "roughness": 0.75, "material_type": "generic"}, "link_6_orange": {"diffuse": [1.0, 0.1499594897031784, 0.003035270841792226], "metallic": 0.0, "roughness": 0.75, "material_type": "generic"}, "link_6_grey": {"diffuse": [0.13286833465099335, 0.13286833465099335, 0.13286833465099335], "metallic": 0.0, "roughness": 0.75, "material_type": "generic"}, "link_7": {"diffuse": [0.13286833465099335, 0.13286833465099335, 0.13286833465099335], "metallic": 0.0, "roughness": 0.75, "material_type": "generic"}}