{"link0_0": {"diffuse": [0.7912985682487488, 0.83077073097229, 0.8468738198280334], "metallic": 0.0, "roughness": 0.75, "material_type": "generic"}, "link0_1": {"diffuse": [0.05087608844041824, 0.05087608844041824, 0.05087608844041824], "metallic": 0.0, "roughness": 0.75, "material_type": "generic"}, "link0_2": {"diffuse": [0.7912985682487488, 0.83077073097229, 0.8468738198280334], "metallic": 0.0, "roughness": 0.75, "material_type": "generic"}, "link0_3": {"diffuse": [0.05087608844041824, 0.05087608844041824, 0.05087608844041824], "metallic": 0.0, "roughness": 0.75, "material_type": "generic"}, "link0_4": {"diffuse": [0.7912985682487488, 0.83077073097229, 0.8468738198280334], "metallic": 0.0, "roughness": 0.75, "material_type": "generic"}, "link0_5": {"diffuse": [0.05087608844041824, 0.05087608844041824, 0.05087608844041824], "metallic": 0.0, "roughness": 0.75, "material_type": "generic"}, "link0_7": {"diffuse": [1.0, 1.0, 1.0], "metallic": 0.0, "roughness": 0.75, "material_type": "generic"}, "link0_8": {"diffuse": [1.0, 1.0, 1.0], "metallic": 0.0, "roughness": 0.75, "material_type": "generic"}, "link0_9": {"diffuse": [0.05087608844041824, 0.05087608844041824, 0.05087608844041824], "metallic": 0.0, "roughness": 0.75, "material_type": "generic"}, "link0_10": {"diffuse": [0.7912985682487488, 0.83077073097229, 0.8468738198280334], "metallic": 0.0, "roughness": 0.75, "material_type": "generic"}, "link0_11": {"diffuse": [1.0, 1.0, 1.0], "metallic": 0.0, "roughness": 0.75, "material_type": "generic"}, "link1": {"diffuse": [1.0, 1.0, 1.0], "metallic": 0.0, "roughness": 0.75, "material_type": "generic"}, "link2": {"diffuse": [1.0, 1.0, 1.0], "metallic": 0.0, "roughness": 0.75, "material_type": "generic"}, "link3_0": {"diffuse": [1.0, 1.0, 1.0], "metallic": 0.0, "roughness": 0.75, "material_type": "generic"}, "link3_1": {"diffuse": [1.0, 1.0, 1.0], "metallic": 0.0, "roughness": 0.75, "material_type": "generic"}, "link3_2": {"diffuse": [1.0, 1.0, 1.0], "metallic": 0.0, "roughness": 0.75, "material_type": "generic"}, "link3_3": {"diffuse": [0.05087608844041824, 0.05087608844041824, 0.05087608844041824], "metallic": 0.0, "roughness": 0.75, "material_type": "generic"}, "link4_0": {"diffuse": [1.0, 1.0, 1.0], "metallic": 0.0, "roughness": 0.75, "material_type": "generic"}, "link4_1": {"diffuse": [1.0, 1.0, 1.0], "metallic": 0.0, "roughness": 0.75, "material_type": "generic"}, "link4_2": {"diffuse": [0.05087608844041824, 0.05087608844041824, 0.05087608844041824], "metallic": 0.0, "roughness": 0.75, "material_type": "generic"}, "link4_3": {"diffuse": [1.0, 1.0, 1.0], "metallic": 0.0, "roughness": 0.75, "material_type": "generic"}, "link5_0": {"diffuse": [0.05087608844041824, 0.05087608844041824, 0.05087608844041824], "metallic": 0.0, "roughness": 0.75, "material_type": "generic"}, "link5_1": {"diffuse": [1.0, 1.0, 1.0], "metallic": 0.0, "roughness": 0.75, "material_type": "generic"}, "link5_2": {"diffuse": [1.0, 1.0, 1.0], "metallic": 0.0, "roughness": 0.75, "material_type": "generic"}, "link6_0": {"diffuse": [0.7912985682487488, 0.83077073097229, 0.8468738198280334], "metallic": 0.0, "roughness": 0.75, "material_type": "generic"}, "link6_1": {"diffuse": [1.0, 1.0, 1.0], "metallic": 0.0, "roughness": 0.75, "material_type": "generic"}, "link6_2": {"diffuse": [0.05087608844041824, 0.05087608844041824, 0.05087608844041824], "metallic": 0.0, "roughness": 0.75, "material_type": "generic"}, "link6_3": {"diffuse": [1.0, 1.0, 1.0], "metallic": 0.0, "roughness": 0.75, "material_type": "generic"}, "link6_4": {"diffuse": [1.0, 1.0, 1.0], "metallic": 0.0, "roughness": 0.75, "material_type": "generic"}, "link6_5": {"diffuse": [1.0, 1.0, 1.0], "metallic": 0.0, "roughness": 0.75, "material_type": "generic"}, "link6_6": {"diffuse": [1.0, 1.0, 1.0], "metallic": 0.0, "roughness": 0.75, "material_type": "generic"}, "link6_7": {"diffuse": [0.0030352941248565912, 0.2541516423225403, 0.5711246132850647], "metallic": 0.0, "roughness": 0.75, "material_type": "generic"}, "link6_8": {"diffuse": [0.0030352941248565912, 0.2541516423225403, 0.5711246132850647], "metallic": 0.0, "roughness": 0.75, "material_type": "generic"}, "link6_9": {"diffuse": [0.05087608844041824, 0.05087608844041824, 0.05087608844041824], "metallic": 0.0, "roughness": 0.75, "material_type": "generic"}, "link6_10": {"diffuse": [0.05087608844041824, 0.05087608844041824, 0.05087608844041824], "metallic": 0.0, "roughness": 0.75, "material_type": "generic"}, "link6_11": {"diffuse": [1.0, 1.0, 1.0], "metallic": 0.0, "roughness": 0.75, "material_type": "generic"}, "link6_12": {"diffuse": [0.0, 1.0, 0.0], "metallic": 0.0, "roughness": 0.75, "material_type": "generic"}, "link6_13": {"diffuse": [1.0, 1.0, 1.0], "metallic": 0.0, "roughness": 0.75, "material_type": "generic"}, "link6_14": {"diffuse": [0.05087608844041824, 0.05087608844041824, 0.05087608844041824], "metallic": 0.0, "roughness": 0.75, "material_type": "generic"}, "link6_15": {"diffuse": [0.05087608844041824, 0.05087608844041824, 0.05087608844041824], "metallic": 0.0, "roughness": 0.75, "material_type": "generic"}, "link6_16": {"diffuse": [1.0, 1.0, 1.0], "metallic": 0.0, "roughness": 0.75, "material_type": "generic"}, "link7_0": {"diffuse": [1.0, 1.0, 1.0], "metallic": 0.0, "roughness": 0.75, "material_type": "generic"}, "link7_1": {"diffuse": [0.05087608844041824, 0.05087608844041824, 0.05087608844041824], "metallic": 0.0, "roughness": 0.75, "material_type": "generic"}, "link7_2": {"diffuse": [0.05087608844041824, 0.05087608844041824, 0.05087608844041824], "metallic": 0.0, "roughness": 0.75, "material_type": "generic"}, "link7_3": {"diffuse": [0.05087608844041824, 0.05087608844041824, 0.05087608844041824], "metallic": 0.0, "roughness": 0.75, "material_type": "generic"}, "link7_4": {"diffuse": [0.05087608844041824, 0.05087608844041824, 0.05087608844041824], "metallic": 0.0, "roughness": 0.75, "material_type": "generic"}, "link7_5": {"diffuse": [0.05087608844041824, 0.05087608844041824, 0.05087608844041824], "metallic": 0.0, "roughness": 0.75, "material_type": "generic"}, "link7_6": {"diffuse": [0.05087608844041824, 0.05087608844041824, 0.05087608844041824], "metallic": 0.0, "roughness": 0.75, "material_type": "generic"}, "link7_7": {"diffuse": [1.0, 1.0, 1.0], "metallic": 0.0, "roughness": 0.75, "material_type": "generic"}, "hand_0": {"diffuse": [0.7912985682487488, 0.83077073097229, 0.8468738198280334], "metallic": 0.0, "roughness": 0.75, "material_type": "generic"}, "hand_1": {"diffuse": [0.05087608844041824, 0.05087608844041824, 0.05087608844041824], "metallic": 0.0, "roughness": 0.75, "material_type": "generic"}, "hand_2": {"diffuse": [0.05087608844041824, 0.05087608844041824, 0.05087608844041824], "metallic": 0.0, "roughness": 0.75, "material_type": "generic"}, "hand_3": {"diffuse": [1.0, 1.0, 1.0], "metallic": 0.0, "roughness": 0.75, "material_type": "generic"}, "hand_4": {"diffuse": [0.7912985682487488, 0.83077073097229, 0.8468738198280334], "metallic": 0.0, "roughness": 0.75, "material_type": "generic"}, "finger_0": {"diffuse": [0.7912985682487488, 0.83077073097229, 0.8468738198280334], "metallic": 0.0, "roughness": 0.75, "material_type": "generic"}, "finger_1": {"diffuse": [0.05087608844041824, 0.05087608844041824, 0.05087608844041824], "metallic": 0.0, "roughness": 0.75, "material_type": "generic"}}