{"GantryBeam": {"diffuse": [0.6499999761581421, 0.6700000166893005, 0.699999988079071], "metallic": 0.0, "roughness": 0.4000000059604645, "material_type": "steel"}, "XBlock": {"diffuse": [0.800000011920929, 0.8299999833106995, 0.8700000047683716], "metallic": 0.0, "roughness": 0.3499999940395355, "material_type": "aluminum"}, "ZRail": {"diffuse": [0.800000011920929, 0.8299999833106995, 0.8700000047683716], "metallic": 0.0, "roughness": 0.3499999940395355, "material_type": "aluminum"}, "ZBlock": {"diffuse": [0.800000011920929, 0.8299999833106995, 0.8700000047683716], "metallic": 0.0, "roughness": 0.3499999940395355, "material_type": "aluminum"}, "ToolSphere": {"diffuse": [0.029999999329447746, 0.029999999329447746, 0.029999999329447746], "metallic": 0.0, "roughness": 0.9800000190734863, "material_type": "rubber"}}