{"base_0": {"diffuse": [0.0, 0.0, 0.0], "metallic": 0.0, "roughness": 0.5, "material_type": "generic"}, "base_1": {"diffuse": [0.0, 0.0, 0.0], "metallic": 0.0, "roughness": 0.5, "material_type": "generic"}, "base_2": {"diffuse": [0.0, 0.0, 0.0], "metallic": 0.0, "roughness": 0.5, "material_type": "generic"}, "base_3": {"diffuse": [1.0, 1.0, 1.0], "metallic": 0.0, "roughness": 0.5, "material_type": "generic"}, "base_4": {"diffuse": [0.4087461829185486, 0.43727827072143555, 0.5611312389373779], "metallic": 0.0, "roughness": 0.5, "material_type": "generic"}, "hip_0": {"diffuse": [0.7874123454093933, 0.8900055289268494, 0.8900055289268494], "metallic": 0.0, "roughness": 0.5, "material_type": "generic"}, "hip_1": {"diffuse": [0.4087461829185486, 0.43727827072143555, 0.5611312389373779], "metallic": 0.0, "roughness": 0.5, "material_type": "generic"}, "thigh_0": {"diffuse": [0.7874123454093933, 0.8900055289268494, 0.8900055289268494], "metallic": 0.0, "roughness": 0.5, "material_type": "generic"}, "thigh_1": {"diffuse": [0.4087461829185486, 0.43727827072143555, 0.5611312389373779], "metallic": 0.0, "roughness": 0.5, "material_type": "generic"}, "calf_0": {"diffuse": [0.4087461829185486, 0.43727827072143555, 0.5611312389373779], "metallic": 0.0, "roughness": 0.5, "material_type": "generic"}, "calf_1": {"diffuse": [0.0, 0.0, 0.0], "metallic": 0.0, "roughness": 0.5, "material_type": "generic"}, "foot": {"diffuse": [0.0, 0.0, 0.0], "metallic": 0.0, "roughness": 0.5, "material_type": "generic"}, "thigh_mirror_0": {"diffuse": [0.7874123454093933, 0.8900055289268494, 0.8900055289268494], "metallic": 0.0, "roughness": 0.5, "material_type": "generic"}, "thigh_mirror_1": {"diffuse": [0.4087461829185486, 0.43727827072143555, 0.5611312389373779], "metallic": 0.0, "roughness": 0.5, "material_type": "generic"}, "calf_mirror_0": {"diffuse": [0.4087461829185486, 0.43727827072143555, 0.5611312389373779], "metallic": 0.0, "roughness": 0.5, "material_type": "generic"}, "calf_mirror_1": {"diffuse": [0.0, 0.0, 0.0], "metallic": 0.0, "roughness": 0.5, "material_type": "generic"}}